folds,0,1,2,3,4,5,6,7,8,9,10,11,12,13,14,15,16,17,18,19,20,21,22,23,24,25,26,27,28,29
ACSF1,0.12,0.14,0.05,0.02,0.13,0.06,0.14,0.06,0.0,0.17,0.13,0.08,0.15,0.03,0.09,0.14,0.03,0.1,0.11,0.06,0.11,0.01,0.15,0.21,0.11,0.01,0.05,0.03,0.08,0.12
Adiac,0.020460358056265986,0.05115089514066496,0.03836317135549872,0.030690537084398978,0.04859335038363171,0.04603580562659847,0.015345268542199489,0.010230179028132993,0.030690537084398978,0.01278772378516624,0.0076726342710997444,0.03324808184143223,0.015345268542199489,0.020460358056265986,0.015345268542199489,0.0076726342710997444,0.015345268542199489,0.017902813299232736,0.05370843989769821,0.03324808184143223,0.03580562659846547,0.07161125319693094,0.04092071611253197,0.015345268542199489,0.02557544757033248,0.005115089514066497,0.07161125319693094,0.015345268542199489,0.0025575447570332483,0.015345268542199489
ArrowHead,0.08,0.29714285714285715,0.18857142857142858,0.37142857142857144,0.29714285714285715,0.11428571428571428,0.37142857142857144,0.44,0.5428571428571428,0.36,0.29714285714285715,0.3942857142857143,0.09714285714285714,0.4228571428571429,0.29714285714285715,0.29714285714285715,0.42857142857142855,0.14857142857142858,0.37142857142857144,0.18857142857142858,0.14857142857142858,0.37142857142857144,0.5428571428571428,0.42857142857142855,0.36,0.44,0.42857142857142855,0.18857142857142858,0.5428571428571428,0.14857142857142858
Beef,0.23333333333333334,0.26666666666666666,0.2,0.26666666666666666,0.23333333333333334,0.23333333333333334,0.16666666666666666,0.2,0.2,0.3333333333333333,0.26666666666666666,0.26666666666666666,0.26666666666666666,0.16666666666666666,0.3,0.06666666666666667,0.3,0.1,0.2,0.16666666666666666,0.16666666666666666,0.3333333333333333,0.1,0.26666666666666666,0.16666666666666666,0.23333333333333334,0.23333333333333334,0.4,0.2,0.2
BeetleFly,0.5,0.5,0.55,0.45,0.55,0.45,0.45,0.5,0.5,0.45,0.55,0.5,0.45,0.5,0.55,0.45,0.45,0.5,0.45,0.55,0.5,0.55,0.55,0.55,0.5,0.55,0.5,0.55,0.45,0.5
BirdChicken,0.5,0.5,0.5,0.5,0.5,0.5,0.5,0.5,0.5,0.5,0.5,0.5,0.5,0.5,0.5,0.5,0.5,0.5,0.5,0.5,0.5,0.5,0.5,0.5,0.5,0.5,0.5,0.5,0.5,0.5
BME,0.5066666666666667,0.36,0.3333333333333333,0.3333333333333333,0.64,0.37333333333333335,0.16,0.16,0.37333333333333335,0.64,0.64,0.64,0.64,0.16,0.3333333333333333,0.16,0.64,0.2,0.29333333333333333,0.16,0.37333333333333335,0.16,0.29333333333333333,0.64,0.16,0.64,0.37333333333333335,0.37333333333333335,0.2,0.3333333333333333
Car,0.18333333333333332,0.25,0.21666666666666667,0.16666666666666666,0.31666666666666665,0.2,0.1,0.25,0.4,0.2833333333333333,0.21666666666666667,0.3333333333333333,0.16666666666666666,0.25,0.3333333333333333,0.23333333333333334,0.23333333333333334,0.36666666666666664,0.16666666666666666,0.36666666666666664,0.31666666666666665,0.15,0.21666666666666667,0.21666666666666667,0.3333333333333333,0.15,0.3333333333333333,0.21666666666666667,0.06666666666666667,0.31666666666666665
CBF,0.37555555555555553,0.37555555555555553,0.37555555555555553,0.17777777777777778,0.4266666666666667,0.03,0.37555555555555553,0.03,0.03,0.17777777777777778,0.4266666666666667,0.5433333333333333,0.4266666666666667,0.03,0.4266666666666667,0.17777777777777778,0.5433333333333333,0.4266666666666667,0.03,0.44666666666666666,0.5433333333333333,0.4266666666666667,0.17777777777777778,0.4266666666666667,0.17777777777777778,0.17777777777777778,0.4266666666666667,0.5433333333333333,0.44666666666666666,0.17777777777777778
Chinatown,0.6880466472303207,0.3119533527696793,0.3119533527696793,0.35276967930029157,0.6880466472303207,0.6880466472303207,0.3119533527696793,0.6880466472303207,0.6880466472303207,0.6880466472303207,0.6880466472303207,0.3119533527696793,0.6880466472303207,0.3119533527696793,0.3119533527696793,0.6880466472303207,0.6880466472303207,0.6880466472303207,0.6880466472303207,0.3119533527696793,0.6472303206997084,0.6880466472303207,0.6880466472303207,0.6880466472303207,0.6472303206997084,0.6880466472303207,0.6880466472303207,0.6880466472303207,0.3119533527696793,0.6880466472303207
ChlorineConcentration,0.31197916666666664,0.31197916666666664,0.32421875,0.37057291666666664,0.37057291666666664,0.37057291666666664,0.31197916666666664,0.31197916666666664,0.31197916666666664,0.31197916666666664,0.37057291666666664,0.37994791666666666,0.30520833333333336,0.30807291666666664,0.30807291666666664,0.37057291666666664,0.30807291666666664,0.32421875,0.30520833333333336,0.30520833333333336,0.37994791666666666,0.31197916666666664,0.31197916666666664,0.37994791666666666,0.32421875,0.30520833333333336,0.3109375,0.37057291666666664,0.30807291666666664,0.37994791666666666
CinCECGTorso,0.18840579710144928,0.24057971014492754,0.2210144927536232,0.27898550724637683,0.26014492753623186,0.21594202898550724,0.3094202898550725,0.2210144927536232,0.2826086956521739,0.21231884057971015,0.23695652173913043,0.29927536231884055,0.1927536231884058,0.23695652173913043,0.263768115942029,0.23768115942028986,0.20434782608695654,0.24782608695652175,0.22028985507246376,0.29927536231884055,0.24347826086956523,0.23695652173913043,0.26956521739130435,0.263768115942029,0.21594202898550724,0.19492753623188405,0.21594202898550724,0.21594202898550724,0.26521739130434785,0.24565217391304348
Coffee,0.03571428571428571,0.03571428571428571,0.03571428571428571,0.9642857142857143,0.9642857142857143,0.9642857142857143,0.03571428571428571,0.03571428571428571,0.03571428571428571,0.03571428571428571,0.03571428571428571,0.03571428571428571,0.9642857142857143,0.03571428571428571,0.9642857142857143,0.9642857142857143,0.9642857142857143,0.9642857142857143,0.03571428571428571,0.9642857142857143,0.03571428571428571,0.03571428571428571,0.03571428571428571,0.03571428571428571,0.9642857142857143,0.03571428571428571,0.03571428571428571,0.9642857142857143,0.9642857142857143,0.03571428571428571
Computers,0.42,0.432,0.568,0.432,0.58,0.568,0.42,0.568,0.58,0.42,0.432,0.432,0.432,0.58,0.58,0.568,0.568,0.432,0.568,0.576,0.568,0.58,0.58,0.568,0.58,0.572,0.58,0.432,0.568,0.568
CricketX,0.05128205128205128,0.1358974358974359,0.09743589743589744,0.1,0.12307692307692308,0.08717948717948718,0.07179487179487179,0.06666666666666667,0.1358974358974359,0.05384615384615385,0.09230769230769231,0.06153846153846154,0.06153846153846154,0.08974358974358974,0.06923076923076923,0.09230769230769231,0.11282051282051282,0.09487179487179487,0.08461538461538462,0.05641025641025641,0.07692307692307693,0.09743589743589744,0.07435897435897436,0.11025641025641025,0.11538461538461539,0.04871794871794872,0.035897435897435895,0.07179487179487179,0.07435897435897436,0.07692307692307693
CricketY,0.05384615384615385,0.05641025641025641,0.03333333333333333,0.11794871794871795,0.1076923076923077,0.10512820512820513,0.1564102564102564,0.06666666666666667,0.12564102564102564,0.1358974358974359,0.046153846153846156,0.08205128205128205,0.09487179487179487,0.05384615384615385,0.07179487179487179,0.11282051282051282,0.06666666666666667,0.08717948717948718,0.1282051282051282,0.05128205128205128,0.046153846153846156,0.08974358974358974,0.12307692307692308,0.07179487179487179,0.03333333333333333,0.16153846153846155,0.14871794871794872,0.09230769230769231,0.08205128205128205,0.14358974358974358
CricketZ,0.13846153846153847,0.03076923076923077,0.08205128205128205,0.09230769230769231,0.07435897435897436,0.06153846153846154,0.09743589743589744,0.13333333333333333,0.05128205128205128,0.09487179487179487,0.05641025641025641,0.09743589743589744,0.09487179487179487,0.035897435897435895,0.0641025641025641,0.11538461538461539,0.13333333333333333,0.11538461538461539,0.10512820512820513,0.11794871794871795,0.05897435897435897,0.03333333333333333,0.017948717948717947,0.07179487179487179,0.09743589743589744,0.03333333333333333,0.12307692307692308,0.08974358974358974,0.13333333333333333,0.05897435897435897
Crop,0.027678571428571427,0.03184523809523809,0.035833333333333335,0.06636904761904762,0.08202380952380953,0.04083333333333333,0.05095238095238095,0.02214285714285714,0.07452380952380952,0.03166666666666667,0.03238095238095238,0.04196428571428571,0.05654761904761905,0.03625,0.029107142857142856,0.040535714285714286,0.04267857142857143,0.07577380952380952,0.027678571428571427,0.01375,0.022916666666666665,0.021904761904761906,0.022202380952380953,0.03267857142857143,0.015416666666666667,0.07422619047619047,0.06488095238095239,0.01988095238095238,0.013392857142857142,0.030476190476190476
DiatomSizeReduction,0.5882352941176471,0.24509803921568626,0.016339869281045753,0.30392156862745096,0.24509803921568626,0.1503267973856209,0.369281045751634,0.24509803921568626,0.24509803921568626,0.38562091503267976,0.06862745098039216,0.08496732026143791,0.24509803921568626,0.0032679738562091504,0.3660130718954248,0.24509803921568626,0.0032679738562091504,0.30392156862745096,0.08496732026143791,0.08169934640522876,0.016339869281045753,0.32679738562091504,0.08169934640522876,0.08496732026143791,0.0032679738562091504,0.5882352941176471,0.24509803921568626,0.24509803921568626,0.5294117647058824,0.24509803921568626
DistalPhalanxOutlineAgeGroup,0.2517985611510791,0.2517985611510791,0.04316546762589928,0.35251798561151076,0.35251798561151076,0.2446043165467626,0.2517985611510791,0.28776978417266186,0.35251798561151076,0.35251798561151076,0.2517985611510791,0.2517985611510791,0.3597122302158273,0.35251798561151076,0.2517985611510791,0.04316546762589928,0.3597122302158273,0.28776978417266186,0.28776978417266186,0.04316546762589928,0.04316546762589928,0.7050359712230215,0.7050359712230215,0.2517985611510791,0.28776978417266186,0.35251798561151076,0.7050359712230215,0.04316546762589928,0.7122302158273381,0.28776978417266186
DistalPhalanxOutlineCorrect,0.5905797101449275,0.5905797101449275,0.5905797101449275,0.40942028985507245,0.5905797101449275,0.40942028985507245,0.40942028985507245,0.40942028985507245,0.5905797101449275,0.5905797101449275,0.5905797101449275,0.5905797101449275,0.40942028985507245,0.40942028985507245,0.40942028985507245,0.40942028985507245,0.5905797101449275,0.5905797101449275,0.5905797101449275,0.5905797101449275,0.40942028985507245,0.5905797101449275,0.5905797101449275,0.40942028985507245,0.40942028985507245,0.40942028985507245,0.5905797101449275,0.40942028985507245,0.40942028985507245,0.40942028985507245
DistalPhalanxTW,0.0,0.07913669064748201,0.08633093525179857,0.1079136690647482,0.1366906474820144,0.12949640287769784,0.1079136690647482,0.09352517985611511,0.1079136690647482,0.15827338129496402,0.1366906474820144,0.35251798561151076,0.014388489208633094,0.05755395683453238,0.39568345323741005,0.1223021582733813,0.07194244604316546,0.09352517985611511,0.11510791366906475,0.45323741007194246,0.07913669064748201,0.05755395683453238,0.2733812949640288,0.2733812949640288,0.1079136690647482,0.04316546762589928,0.050359712230215826,0.06474820143884892,0.1366906474820144,0.007194244604316547
Earthquakes,0.7482014388489209,0.2517985611510791,0.7482014388489209,0.7482014388489209,0.2517985611510791,0.7482014388489209,0.2517985611510791,0.2517985611510791,0.2517985611510791,0.2517985611510791,0.2517985611510791,0.2517985611510791,0.2517985611510791,0.2517985611510791,0.2517985611510791,0.7482014388489209,0.7482014388489209,0.7482014388489209,0.2517985611510791,0.2517985611510791,0.2517985611510791,0.2517985611510791,0.7482014388489209,0.7482014388489209,0.7482014388489209,0.7482014388489209,0.7482014388489209,0.2517985611510791,0.2517985611510791,0.7482014388489209
ECG200,0.62,0.62,0.62,0.38,0.38,0.62,0.62,0.38,0.38,0.38,0.62,0.38,0.62,0.62,0.62,0.38,0.38,0.38,0.62,0.62,0.38,0.62,0.62,0.62,0.38,0.38,0.62,0.38,0.62,0.62
ECG5000,0.012444444444444444,0.6546666666666666,0.04488888888888889,0.24533333333333332,0.162,0.4508888888888889,0.035111111111111114,0.14355555555555555,0.46266666666666667,0.25466666666666665,0.025777777777777778,0.22666666666666666,0.37933333333333336,0.44622222222222224,0.03133333333333333,0.15,0.4613333333333333,0.07355555555555555,0.041555555555555554,0.13111111111111112,0.014222222222222223,0.43666666666666665,0.05422222222222222,0.021555555555555557,0.378,0.21622222222222223,0.013111111111111112,0.05555555555555555,0.024,0.228
ECGFiveDays,0.6376306620209059,0.6376306620209059,0.6376306620209059,0.40301974448315914,0.3623693379790941,0.3623693379790941,0.6376306620209059,0.3623693379790941,0.6376306620209059,0.6376306620209059,0.6376306620209059,0.6376306620209059,0.3623693379790941,0.6376306620209059,0.3623693379790941,0.3623693379790941,0.3623693379790941,0.6376306620209059,0.6376306620209059,0.6376306620209059,0.3623693379790941,0.3623693379790941,0.3623693379790941,0.3623693379790941,0.3623693379790941,0.3623693379790941,0.6376306620209059,0.3623693379790941,0.6376306620209059,0.6376306620209059
ElectricDevices,0.09531837634548049,0.1548437297367397,0.03566333808844508,0.06497211775385812,0.1779276358448969,0.13616910906497212,0.1211256646349371,0.2045130333290105,0.06821423939826222,0.16106860329399558,0.19180391648294645,0.3504085073271949,0.09752301906367528,0.1779276358448969,0.2727272727272727,0.09972766178187005,0.25586824017637144,0.09674490986901829,0.18609778238879524,0.042147581377253274,0.09116846064064324,0.09674490986901829,0.14641421346128908,0.08831539359356763,0.09985734664764621,0.061081571780573204,0.18324471534171963,0.10984308131241084,0.0675658150693814,0.18039164829464402
EOGHorizontalSignal,0.04419889502762431,0.04696132596685083,0.07734806629834254,0.1132596685082873,0.04143646408839779,0.10497237569060773,0.06629834254143646,0.1464088397790055,0.1878453038674033,0.03038674033149171,0.14917127071823205,0.04143646408839779,0.06629834254143646,0.11049723756906077,0.08287292817679558,0.06353591160220995,0.10497237569060773,0.058011049723756904,0.0856353591160221,0.08011049723756906,0.06906077348066299,0.08839779005524862,0.10220994475138122,0.03314917127071823,0.1408839779005525,0.07458563535911603,0.1850828729281768,0.11049723756906077,0.10220994475138122,0.06353591160220995
EOGVerticalSignal,0.11602209944751381,0.06077348066298342,0.10497237569060773,0.1408839779005525,0.10773480662983426,0.09668508287292818,0.08011049723756906,0.019337016574585635,0.13535911602209943,0.058011049723756904,0.1464088397790055,0.19060773480662985,0.08011049723756906,0.13812154696132597,0.04696132596685083,0.07734806629834254,0.09944751381215469,0.10497237569060773,0.03038674033149171,0.0856353591160221,0.08011049723756906,0.03038674033149171,0.06629834254143646,0.10497237569060773,0.0718232044198895,0.1298342541436464,0.06077348066298342,0.058011049723756904,0.022099447513812154,0.12154696132596685
EthanolLevel,0.25,0.222,0.244,0.25,0.242,0.274,0.27,0.256,0.236,0.256,0.262,0.272,0.242,0.246,0.236,0.246,0.248,0.238,0.232,0.278,0.232,0.24,0.252,0.23,0.258,0.248,0.242,0.278,0.282,0.26
FaceAll,0.0970414201183432,0.016568047337278107,0.02603550295857988,0.05562130177514793,0.16627218934911242,0.07514792899408285,0.023076923076923078,0.11597633136094675,0.026627218934911243,0.09822485207100591,0.23846153846153847,0.058579881656804736,0.007692307692307693,0.06804733727810651,0.06449704142011835,0.06804733727810651,0.04497041420118343,0.01893491124260355,0.06331360946745562,0.022485207100591716,0.12781065088757396,0.059763313609467454,0.0893491124260355,0.08520710059171598,0.02485207100591716,0.049112426035502955,0.0485207100591716,0.07218934911242604,0.01242603550295858,0.18698224852071005
FaceFour,0.19318181818181818,0.38636363636363635,0.4318181818181818,0.29545454545454547,0.375,0.2727272727272727,0.3522727272727273,0.10227272727272728,0.20454545454545456,0.2159090909090909,0.4318181818181818,0.011363636363636364,0.09090909090909091,0.5909090909090909,0.10227272727272728,0.03409090909090909,0.4659090909090909,0.10227272727272728,0.4659090909090909,0.125,0.4090909090909091,0.45454545454545453,0.10227272727272728,0.045454545454545456,0.10227272727272728,0.4090909090909091,0.29545454545454547,0.20454545454545456,0.29545454545454547,0.2159090909090909
FacesUCR,0.05219512195121951,0.07170731707317073,0.012682926829268294,0.11463414634146342,0.04780487804878049,0.037073170731707315,0.07268292682926829,0.037073170731707315,0.10341463414634146,0.07658536585365854,0.09170731707317073,0.17317073170731706,0.09073170731707317,0.027804878048780488,0.09268292682926829,0.05024390243902439,0.07853658536585366,0.10536585365853658,0.04975609756097561,0.02829268292682927,0.055121951219512196,0.08292682926829269,0.09609756097560976,0.11853658536585365,0.12146341463414634,0.003902439024390244,0.06146341463414634,0.04682926829268293,0.06634146341463415,0.19560975609756098
Fish,0.10857142857142857,0.14857142857142858,0.16,0.25142857142857145,0.17142857142857143,0.11428571428571428,0.22857142857142856,0.05714285714285714,0.07428571428571429,0.12,0.05714285714285714,0.32571428571428573,0.10857142857142857,0.21714285714285714,0.14857142857142858,0.14857142857142858,0.06857142857142857,0.05714285714285714,0.07428571428571429,0.045714285714285714,0.09714285714285714,0.12571428571428572,0.09142857142857143,0.22285714285714286,0.11428571428571428,0.14857142857142858,0.05714285714285714,0.14285714285714285,0.13714285714285715,0.09714285714285714
FordA,0.48409090909090907,0.48409090909090907,0.5159090909090909,0.48409090909090907,0.48409090909090907,0.48409090909090907,0.48409090909090907,0.5159090909090909,0.48409090909090907,0.5159090909090909,0.5159090909090909,0.5159090909090909,0.5159090909090909,0.48409090909090907,0.48409090909090907,0.48409090909090907,0.5159090909090909,0.5159090909090909,0.5159090909090909,0.48409090909090907,0.48409090909090907,0.5159090909090909,0.5159090909090909,0.48409090909090907,0.5159090909090909,0.5159090909090909,0.5159090909090909,0.5159090909090909,0.48409090909090907,0.48409090909090907
FordB,0.5049382716049383,0.49506172839506174,0.49506172839506174,0.49506172839506174,0.5049382716049383,0.5049382716049383,0.49506172839506174,0.5049382716049383,0.5049382716049383,0.5049382716049383,0.5049382716049383,0.5049382716049383,0.5049382716049383,0.5049382716049383,0.49506172839506174,0.49506172839506174,0.5049382716049383,0.5049382716049383,0.5049382716049383,0.49506172839506174,0.49506172839506174,0.49506172839506174,0.49506172839506174,0.49506172839506174,0.49506172839506174,0.5049382716049383,0.5049382716049383,0.5049382716049383,0.5049382716049383,0.5049382716049383
FreezerRegularTrain,0.6915789473684211,0.30842105263157893,0.30842105263157893,0.6915789473684211,0.30842105263157893,0.7456140350877193,0.30842105263157893,0.7456140350877193,0.7456140350877193,0.30842105263157893,0.30842105263157893,0.30842105263157893,0.30842105263157893,0.30842105263157893,0.6915789473684211,0.30842105263157893,0.30842105263157893,0.30842105263157893,0.30842105263157893,0.6915789473684211,0.6915789473684211,0.30842105263157893,0.6915789473684211,0.30842105263157893,0.6915789473684211,0.30842105263157893,0.30842105263157893,0.30842105263157893,0.6915789473684211,0.6915789473684211
FreezerSmallTrain,0.2856140350877193,0.2856140350877193,0.2856140350877193,0.2856140350877193,0.7143859649122807,0.2856140350877193,0.7143859649122807,0.2856140350877193,0.2856140350877193,0.2856140350877193,0.7143859649122807,0.7143859649122807,0.2856140350877193,0.2856140350877193,0.7143859649122807,0.2856140350877193,0.7143859649122807,0.7143859649122807,0.7143859649122807,0.7143859649122807,0.7143859649122807,0.2856140350877193,0.7143859649122807,0.2856140350877193,0.7143859649122807,0.2856140350877193,0.2856140350877193,0.7143859649122807,0.7143859649122807,0.2856140350877193
GunPoint,0.4866666666666667,0.5133333333333333,0.5133333333333333,0.4866666666666667,0.5133333333333333,0.5133333333333333,0.5133333333333333,0.4866666666666667,0.4866666666666667,0.4866666666666667,0.5133333333333333,0.5133333333333333,0.5133333333333333,0.4866666666666667,0.5133333333333333,0.5133333333333333,0.4866666666666667,0.5133333333333333,0.4866666666666667,0.5133333333333333,0.5133333333333333,0.5133333333333333,0.4866666666666667,0.5133333333333333,0.5133333333333333,0.4866666666666667,0.5133333333333333,0.5133333333333333,0.5133333333333333,0.5133333333333333
GunPointAgeSpan,0.3924050632911392,0.3924050632911392,0.6075949367088608,0.6075949367088608,0.3924050632911392,0.3924050632911392,0.3924050632911392,0.6075949367088608,0.3924050632911392,0.3924050632911392,0.3924050632911392,0.3924050632911392,0.6075949367088608,0.6075949367088608,0.6075949367088608,0.3924050632911392,0.3924050632911392,0.6075949367088608,0.3924050632911392,0.6075949367088608,0.6075949367088608,0.6075949367088608,0.6075949367088608,0.6075949367088608,0.3924050632911392,0.6075949367088608,0.6075949367088608,0.3924050632911392,0.3924050632911392,0.3924050632911392
GunPointMaleVersusFemale,0.16455696202531644,0.16455696202531644,0.16455696202531644,0.8354430379746836,0.8354430379746836,0.16455696202531644,0.16455696202531644,0.8354430379746836,0.16455696202531644,0.16455696202531644,0.16455696202531644,0.16455696202531644,0.16455696202531644,0.16455696202531644,0.8354430379746836,0.8354430379746836,0.16455696202531644,0.8354430379746836,0.8354430379746836,0.8354430379746836,0.8354430379746836,0.16455696202531644,0.8354430379746836,0.8354430379746836,0.8354430379746836,0.8354430379746836,0.8354430379746836,0.16455696202531644,0.16455696202531644,0.8354430379746836
GunPointOldVersusYoung,0.4095238095238095,0.4095238095238095,0.5904761904761905,0.5904761904761905,0.5904761904761905,0.4095238095238095,0.5904761904761905,0.5904761904761905,0.5904761904761905,0.4095238095238095,0.5904761904761905,0.4095238095238095,0.4095238095238095,0.4095238095238095,0.5904761904761905,0.4095238095238095,0.4095238095238095,0.4095238095238095,0.4095238095238095,0.4095238095238095,0.5904761904761905,0.4095238095238095,0.4095238095238095,0.5904761904761905,0.5904761904761905,0.5904761904761905,0.4095238095238095,0.5904761904761905,0.4095238095238095,0.5904761904761905
Ham,0.5904761904761905,0.5904761904761905,0.4095238095238095,0.4095238095238095,0.4095238095238095,0.4095238095238095,0.4095238095238095,0.5904761904761905,0.4095238095238095,0.4095238095238095,0.580952380952381,0.5904761904761905,0.5904761904761905,0.4095238095238095,0.4095238095238095,0.4095238095238095,0.4095238095238095,0.5904761904761905,0.5904761904761905,0.4095238095238095,0.5904761904761905,0.5904761904761905,0.5904761904761905,0.5904761904761905,0.5904761904761905,0.4095238095238095,0.4095238095238095,0.4095238095238095,0.5904761904761905,0.4095238095238095
HandOutlines,0.6432432432432432,0.3567567567567568,0.3567567567567568,0.3567567567567568,0.3567567567567568,0.3567567567567568,0.3567567567567568,0.3567567567567568,0.3567567567567568,0.6432432432432432,0.3567567567567568,0.3567567567567568,0.3567567567567568,0.6432432432432432,0.3567567567567568,0.6432432432432432,0.3567567567567568,0.6432432432432432,0.3567567567567568,0.3567567567567568,0.6432432432432432,0.3567567567567568,0.6432432432432432,0.3567567567567568,0.3567567567567568,0.3567567567567568,0.3567567567567568,0.6432432432432432,0.6432432432432432,0.3567567567567568
Haptics,0.19155844155844157,0.23376623376623376,0.21753246753246752,0.12012987012987013,0.17532467532467533,0.2077922077922078,0.16233766233766234,0.20454545454545456,0.21428571428571427,0.21753246753246752,0.15584415584415584,0.2305194805194805,0.237012987012987,0.1525974025974026,0.2662337662337662,0.22077922077922077,0.17207792207792208,0.2435064935064935,0.1525974025974026,0.19805194805194806,0.2305194805194805,0.18831168831168832,0.2305194805194805,0.275974025974026,0.21428571428571427,0.21103896103896103,0.275974025974026,0.17532467532467533,0.22727272727272727,0.22727272727272727
Herring,0.5,0.5,0.5,0.46875,0.5,0.5,0.46875,0.5,0.5,0.5,0.5,0.5,0.5,0.5,0.5,0.5,0.5,0.5,0.5,0.5,0.5,0.5,0.5,0.5,0.53125,0.5,0.5,0.5,0.5,0.5
HouseTwenty,0.6302521008403361,0.3697478991596639,0.3697478991596639,0.3697478991596639,0.3949579831932773,0.3697478991596639,0.3949579831932773,0.6302521008403361,0.5462184873949579,0.6302521008403361,0.6302521008403361,0.6302521008403361,0.6302521008403361,0.3697478991596639,0.6302521008403361,0.6302521008403361,0.3949579831932773,0.6302521008403361,0.42016806722689076,0.6302521008403361,0.5462184873949579,0.3697478991596639,0.5042016806722689,0.5462184873949579,0.6050420168067226,0.3697478991596639,0.6302521008403361,0.453781512605042,0.6302521008403361,0.42016806722689076
InlineSkate,0.11090909090909092,0.14545454545454545,0.16545454545454547,0.13454545454545455,0.1709090909090909,0.14363636363636365,0.18,0.13454545454545455,0.14,0.15818181818181817,0.10545454545454545,0.13818181818181818,0.14363636363636365,0.1290909090909091,0.14727272727272728,0.14,0.11818181818181818,0.15272727272727274,0.13818181818181818,0.15636363636363637,0.09636363636363636,0.18,0.19272727272727272,0.10909090909090909,0.09090909090909091,0.15818181818181817,0.14363636363636365,0.14,0.09272727272727273,0.12363636363636364
InsectEPGRegularTrain,0.5783132530120482,0.18875502008032127,0.6024096385542169,0.570281124497992,0.15261044176706828,0.24096385542168675,0.24497991967871485,0.5742971887550201,0.606425702811245,0.24497991967871485,0.23293172690763053,0.24497991967871485,0.15261044176706828,0.24497991967871485,0.24497991967871485,0.24096385542168675,0.570281124497992,0.6024096385542169,0.24497991967871485,0.1927710843373494,0.570281124497992,0.24497991967871485,0.26907630522088355,0.20883534136546184,0.23694779116465864,0.6024096385542169,0.24497991967871485,0.5742971887550201,0.14859437751004015,0.15261044176706828
InsectEPGSmallTrain,0.5783132530120482,0.18473895582329317,0.17670682730923695,0.14457831325301204,0.14457831325301204,0.14457831325301204,0.5783132530120482,0.17670682730923695,0.17670682730923695,0.20080321285140562,0.17670682730923695,0.27710843373493976,0.14457831325301204,0.14457831325301204,0.5783132530120482,0.20481927710843373,0.6184738955823293,0.5421686746987951,0.5783132530120482,0.27710843373493976,0.17670682730923695,0.14457831325301204,0.5421686746987951,0.26907630522088355,0.5823293172690763,0.5582329317269076,0.14457831325301204,0.14859437751004015,0.5783132530120482,0.5783132530120482
InsectWingbeatSound,0.07272727272727272,0.09090909090909091,0.1398989898989899,0.09494949494949495,0.04898989898989899,0.11161616161616161,0.11818181818181818,0.12424242424242424,0.08838383838383838,0.15555555555555556,0.07222222222222222,0.09343434343434344,0.14393939393939395,0.04292929292929293,0.10151515151515152,0.08838383838383838,0.14292929292929293,0.0893939393939394,0.18535353535353535,0.026767676767676767,0.05505050505050505,0.12828282828282828,0.08636363636363636,0.051515151515151514,0.05555555555555555,0.1095959595959596,0.1873737373737374,0.16616161616161615,0.10353535353535354,0.09191919191919191
ItalyPowerDemand,0.49854227405247814,0.4965986394557823,0.4839650145772595,0.4849368318756074,0.49854227405247814,0.5160349854227405,0.49854227405247814,0.4839650145772595,0.5014577259475219,0.5150631681243926,0.4849368318756074,0.4839650145772595,0.4839650145772595,0.4839650145772595,0.5160349854227405,0.4849368318756074,0.4839650145772595,0.5014577259475219,0.5160349854227405,0.5014577259475219,0.5160349854227405,0.4965986394557823,0.5150631681243926,0.49854227405247814,0.5034013605442177,0.49854227405247814,0.4965986394557823,0.5150631681243926,0.49854227405247814,0.49854227405247814
LargeKitchenAppliances,0.3546666666666667,0.2986666666666667,0.2986666666666667,0.38666666666666666,0.34933333333333333,0.2853333333333333,0.2853333333333333,0.2853333333333333,0.2853333333333333,0.34933333333333333,0.34933333333333333,0.3546666666666667,0.34933333333333333,0.42933333333333334,0.296,0.2986666666666667,0.29333333333333333,0.288,0.296,0.2853333333333333,0.2853333333333333,0.2986666666666667,0.336,0.2986666666666667,0.2986666666666667,0.3546666666666667,0.416,0.2853333333333333,0.2853333333333333,0.34933333333333333
Lightning2,0.36065573770491804,0.639344262295082,0.36065573770491804,0.36065573770491804,0.3770491803278688,0.639344262295082,0.36065573770491804,0.36065573770491804,0.36065573770491804,0.3770491803278688,0.36065573770491804,0.639344262295082,0.6229508196721312,0.639344262295082,0.639344262295082,0.36065573770491804,0.39344262295081966,0.639344262295082,0.639344262295082,0.36065573770491804,0.36065573770491804,0.639344262295082,0.36065573770491804,0.639344262295082,0.639344262295082,0.36065573770491804,0.639344262295082,0.639344262295082,0.36065573770491804,0.639344262295082
Lightning7,0.2465753424657534,0.0273972602739726,0.3150684931506849,0.0821917808219178,0.0821917808219178,0.1643835616438356,0.1506849315068493,0.2465753424657534,0.0821917808219178,0.1643835616438356,0.1095890410958904,0.0136986301369863,0.0136986301369863,0.1232876712328767,0.1917808219178082,0.0958904109589041,0.1506849315068493,0.1917808219178082,0.136986301369863,0.136986301369863,0.0821917808219178,0.0410958904109589,0.0958904109589041,0.0958904109589041,0.0410958904109589,0.2191780821917808,0.2465753424657534,0.1643835616438356,0.1095890410958904,0.0547945205479452
Mallat,0.25884861407249465,0.11940298507462686,0.1253731343283582,0.1488272921108742,0.016631130063965886,0.006396588486140725,0.25245202558635393,0.018763326226012792,0.2490405117270789,0.06780383795309168,0.1488272921108742,0.0,0.17270788912579957,0.016631130063965886,0.12452025586353944,0.029424307036247335,0.1044776119402985,0.007249466950959489,0.13347547974413645,0.0,0.00042643923240938164,0.23113006396588487,0.12366737739872068,0.12452025586353944,0.12494669509594883,0.11897654584221748,0.3722814498933902,0.14754797441364606,0.2093816631130064,0.14072494669509594
Meat,0.3333333333333333,0.5666666666666667,0.3333333333333333,0.03333333333333333,0.26666666666666666,0.5666666666666667,0.3333333333333333,0.26666666666666666,0.3333333333333333,0.5666666666666667,0.26666666666666666,0.7,0.3333333333333333,0.3333333333333333,0.3333333333333333,0.5666666666666667,0.7,0.1,0.1,0.7,0.26666666666666666,0.03333333333333333,0.03333333333333333,0.3333333333333333,0.03333333333333333,0.3333333333333333,0.7,0.3333333333333333,0.1,0.3333333333333333
MedicalImages,0.08289473684210526,0.034210526315789476,0.06578947368421052,0.05263157894736842,0.075,0.07763157894736843,0.07631578947368421,0.02236842105263158,0.14473684210526316,0.06447368421052632,0.2026315789473684,0.07105263157894737,0.0,0.046052631578947366,0.2131578947368421,0.05131578947368421,0.15394736842105264,0.09868421052631579,0.24473684210526317,0.09078947368421053,0.038157894736842106,0.14342105263157895,0.030263157894736843,0.0881578947368421,0.125,0.12236842105263158,0.18947368421052632,0.08026315789473684,0.10263157894736842,0.23157894736842105
MiddlePhalanxOutlineAgeGroup,0.5064935064935064,0.37662337662337664,0.5064935064935064,0.3961038961038961,0.37662337662337664,0.37662337662337664,0.37662337662337664,0.33766233766233766,0.33766233766233766,0.33766233766233766,0.5064935064935064,0.3961038961038961,0.15584415584415584,0.33766233766233766,0.37662337662337664,0.5064935064935064,0.15584415584415584,0.5064935064935064,0.15584415584415584,0.22727272727272727,0.3961038961038961,0.5064935064935064,0.37662337662337664,0.22727272727272727,0.37662337662337664,0.37662337662337664,0.22727272727272727,0.33766233766233766,0.3961038961038961,0.33766233766233766
MiddlePhalanxOutlineCorrect,0.584192439862543,0.584192439862543,0.41580756013745707,0.41580756013745707,0.584192439862543,0.41580756013745707,0.41580756013745707,0.41580756013745707,0.584192439862543,0.584192439862543,0.584192439862543,0.584192439862543,0.41580756013745707,0.41580756013745707,0.41580756013745707,0.41580756013745707,0.584192439862543,0.584192439862543,0.584192439862543,0.41580756013745707,0.41580756013745707,0.584192439862543,0.584192439862543,0.41580756013745707,0.41580756013745707,0.584192439862543,0.584192439862543,0.41580756013745707,0.41580756013745707,0.41580756013745707
MiddlePhalanxTW,0.09090909090909091,0.032467532467532464,0.1038961038961039,0.13636363636363635,0.12337662337662338,0.2987012987012987,0.16883116883116883,0.05844155844155844,0.15584415584415584,0.12337662337662338,0.13636363636363635,0.22727272727272727,0.14935064935064934,0.13636363636363635,0.22727272727272727,0.12987012987012986,0.05194805194805195,0.3181818181818182,0.08441558441558442,0.1038961038961039,0.22727272727272727,0.05194805194805195,0.18181818181818182,0.15584415584415584,0.11038961038961038,0.03896103896103896,0.2987012987012987,0.05844155844155844,0.09090909090909091,0.11038961038961038
MixedShapesRegularTrain,0.2820618556701031,0.45608247422680415,0.18762886597938144,0.4004123711340206,0.28577319587628863,0.05360824742268041,0.2515463917525773,0.12948453608247423,0.25278350515463915,0.015257731958762887,0.2329896907216495,0.05443298969072165,0.023505154639175258,0.09525773195876289,0.13030927835051545,0.052371134020618555,0.20288659793814434,0.21443298969072164,0.07051546391752578,0.12948453608247423,0.2292783505154639,0.15422680412371134,0.31876288659793817,0.19505154639175257,0.17443298969072166,0.18268041237113403,0.06474226804123712,0.32329896907216493,0.3843298969072165,0.30061855670103094
MixedShapesSmallTrain,0.0334020618556701,0.23711340206185566,0.5929896907216495,0.22144329896907217,0.2820618556701031,0.16824742268041237,0.23587628865979382,0.015257731958762887,0.31422680412371135,0.2931958762886598,0.12536082474226803,0.22268041237113403,0.20082474226804123,0.18597938144329898,0.2721649484536082,0.16123711340206184,0.3971134020618557,0.08329896907216496,0.12577319587628866,0.12,0.08536082474226804,0.05484536082474227,0.47010309278350515,0.19463917525773197,0.02515463917525773,0.30762886597938144,0.014845360824742268,0.31051546391752577,0.2552577319587629,0.3154639175257732
MoteStrain,0.1853035143769968,0.1853035143769968,0.1853035143769968,0.8146964856230032,0.1853035143769968,0.8146964856230032,0.1853035143769968,0.8146964856230032,0.1853035143769968,0.8146964856230032,0.8146964856230032,0.1853035143769968,0.8146964856230032,0.8146964856230032,0.8146964856230032,0.17891373801916932,0.8146964856230032,0.1853035143769968,0.8146964856230032,0.1853035143769968,0.1853035143769968,0.8146964856230032,0.8146964856230032,0.1853035143769968,0.8146964856230032,0.1853035143769968,0.1853035143769968,0.8146964856230032,0.8146964856230032,0.8146964856230032
OliveOil,0.36666666666666664,0.03333333333333333,0.06666666666666667,0.26666666666666666,0.13333333333333333,0.13333333333333333,0.5333333333333333,0.2,0.4666666666666667,0.5666666666666667,0.06666666666666667,0.7333333333333333,0.03333333333333333,0.1,0.06666666666666667,0.03333333333333333,0.6333333333333333,0.1,0.13333333333333333,0.1,0.26666666666666666,0.06666666666666667,0.1,0.36666666666666664,0.5,0.26666666666666666,0.1,0.1,0.03333333333333333,0.03333333333333333
OSULeaf,0.16115702479338842,0.16115702479338842,0.1322314049586777,0.1652892561983471,0.16115702479338842,0.2768595041322314,0.11983471074380166,0.11983471074380166,0.19008264462809918,0.2231404958677686,0.1859504132231405,0.19421487603305784,0.1652892561983471,0.06611570247933884,0.15289256198347106,0.09917355371900827,0.09917355371900827,0.1487603305785124,0.09917355371900827,0.24380165289256198,0.1652892561983471,0.23140495867768596,0.13636363636363635,0.1859504132231405,0.1859504132231405,0.11983471074380166,0.1652892561983471,0.23140495867768596,0.1322314049586777,0.23140495867768596
PhalangesOutlinesCorrect,0.6118881118881119,0.6118881118881119,0.6118881118881119,0.3881118881118881,0.6118881118881119,0.6118881118881119,0.3881118881118881,0.3881118881118881,0.6118881118881119,0.3881118881118881,0.6118881118881119,0.6118881118881119,0.3881118881118881,0.3881118881118881,0.6118881118881119,0.3881118881118881,0.3881118881118881,0.3881118881118881,0.6118881118881119,0.6118881118881119,0.3881118881118881,0.6118881118881119,0.6118881118881119,0.3881118881118881,0.3881118881118881,0.3881118881118881,0.6118881118881119,0.3881118881118881,0.3881118881118881,0.3881118881118881
Phoneme,0.011603375527426161,0.011603375527426161,0.0015822784810126582,0.035864978902953586,0.005274261603375527,0.007911392405063292,0.022151898734177215,0.03217299578059072,0.014767932489451477,0.004219409282700422,0.014240506329113924,0.011603375527426161,0.01529535864978903,0.04061181434599156,0.03375527426160337,0.010021097046413503,0.0058016877637130804,0.017932489451476793,0.05379746835443038,0.015822784810126583,0.013185654008438819,0.11234177215189874,0.03059071729957806,0.00949367088607595,0.0026371308016877636,0.013713080168776372,0.03217299578059072,0.0026371308016877636,0.012130801687763712,0.06118143459915612
PigAirwayPressure,0.014423076923076924,0.014423076923076924,0.02403846153846154,0.014423076923076924,0.02403846153846154,0.019230769230769232,0.019230769230769232,0.014423076923076924,0.019230769230769232,0.028846153846153848,0.028846153846153848,0.02403846153846154,0.028846153846153848,0.014423076923076924,0.02403846153846154,0.004807692307692308,0.019230769230769232,0.009615384615384616,0.019230769230769232,0.014423076923076924,0.019230769230769232,0.009615384615384616,0.014423076923076924,0.019230769230769232,0.009615384615384616,0.019230769230769232,0.02403846153846154,0.014423076923076924,0.028846153846153848,0.014423076923076924
PigArtPressure,0.019230769230769232,0.019230769230769232,0.019230769230769232,0.019230769230769232,0.019230769230769232,0.019230769230769232,0.019230769230769232,0.019230769230769232,0.019230769230769232,0.019230769230769232,0.019230769230769232,0.019230769230769232,0.019230769230769232,0.019230769230769232,0.019230769230769232,0.019230769230769232,0.019230769230769232,0.019230769230769232,0.019230769230769232,0.019230769230769232,0.019230769230769232,0.019230769230769232,0.019230769230769232,0.019230769230769232,0.019230769230769232,0.019230769230769232,0.019230769230769232,0.019230769230769232,0.019230769230769232,0.019230769230769232
PigCVP,0.019230769230769232,0.019230769230769232,0.019230769230769232,0.02403846153846154,0.019230769230769232,0.019230769230769232,0.019230769230769232,0.019230769230769232,0.028846153846153848,0.019230769230769232,0.02403846153846154,0.02403846153846154,0.019230769230769232,0.019230769230769232,0.02403846153846154,0.014423076923076924,0.02403846153846154,0.019230769230769232,0.019230769230769232,0.019230769230769232,0.02403846153846154,0.028846153846153848,0.014423076923076924,0.019230769230769232,0.028846153846153848,0.019230769230769232,0.028846153846153848,0.019230769230769232,0.019230769230769232,0.014423076923076924
Plane,0.11428571428571428,0.3523809523809524,0.0,0.11428571428571428,0.0,0.1523809523809524,0.0,0.09523809523809523,0.13333333333333333,0.0,0.0,0.0,0.1523809523809524,0.2571428571428571,0.13333333333333333,0.1619047619047619,0.2,0.24761904761904763,0.11428571428571428,0.22857142857142856,0.13333333333333333,0.0,0.11428571428571428,0.4380952380952381,0.23809523809523808,0.0,0.24761904761904763,0.22857142857142856,0.09523809523809523,0.13333333333333333
PowerCons,0.3888888888888889,0.6111111111111112,0.6111111111111112,0.6111111111111112,0.3888888888888889,0.6222222222222222,0.6111111111111112,0.6111111111111112,0.3888888888888889,0.6111111111111112,0.6111111111111112,0.6111111111111112,0.6111111111111112,0.6111111111111112,0.6222222222222222,0.3888888888888889,0.3888888888888889,0.37777777777777777,0.6111111111111112,0.6111111111111112,0.6111111111111112,0.6222222222222222,0.3888888888888889,0.3888888888888889,0.3888888888888889,0.3888888888888889,0.3888888888888889,0.3888888888888889,0.6111111111111112,0.3888888888888889
ProximalPhalanxOutlineAgeGroup,0.775609756097561,0.6146341463414634,0.6146341463414634,0.775609756097561,0.775609756097561,0.18048780487804877,0.04390243902439024,0.18048780487804877,0.775609756097561,0.13170731707317074,0.18048780487804877,0.18048780487804877,0.6146341463414634,0.04390243902439024,0.13170731707317074,0.18048780487804877,0.25365853658536586,0.04390243902439024,0.25365853658536586,0.04390243902439024,0.6146341463414634,0.13170731707317074,0.775609756097561,0.13170731707317074,0.04390243902439024,0.775609756097561,0.6146341463414634,0.04390243902439024,0.775609756097561,0.6146341463414634
ProximalPhalanxOutlineCorrect,0.6426116838487973,0.6426116838487973,0.6426116838487973,0.35738831615120276,0.6426116838487973,0.35738831615120276,0.35738831615120276,0.35738831615120276,0.6426116838487973,0.6426116838487973,0.6426116838487973,0.6426116838487973,0.35738831615120276,0.35738831615120276,0.35738831615120276,0.35738831615120276,0.6426116838487973,0.35738831615120276,0.6426116838487973,0.6426116838487973,0.35738831615120276,0.35738831615120276,0.6426116838487973,0.35738831615120276,0.35738831615120276,0.6426116838487973,0.6426116838487973,0.35738831615120276,0.35738831615120276,0.35738831615120276
ProximalPhalanxTW,0.16097560975609757,0.13658536585365855,0.3951219512195122,0.1951219512195122,0.06829268292682927,0.2,0.05853658536585366,0.09268292682926829,0.024390243902439025,0.43902439024390244,0.02926829268292683,0.25853658536585367,0.33658536585365856,0.05853658536585366,0.17560975609756097,0.2780487804878049,0.43414634146341463,0.16097560975609757,0.16585365853658537,0.18536585365853658,0.1073170731707317,0.14146341463414633,0.2975609756097561,0.14634146341463414,0.16585365853658537,0.17073170731707318,0.4097560975609756,0.48292682926829267,0.40487804878048783,0.3951219512195122
RefrigerationDevices,0.336,0.336,0.336,0.336,0.336,0.336,0.336,0.336,0.336,0.328,0.336,0.336,0.3253333333333333,0.3333333333333333,0.328,0.336,0.328,0.3333333333333333,0.336,0.336,0.336,0.336,0.336,0.328,0.328,0.336,0.328,0.336,0.336,0.336
Rock,0.36,0.24,0.34,0.42,0.06,0.16,0.08,0.26,0.2,0.28,0.26,0.14,0.42,0.26,0.14,0.24,0.24,0.06,0.24,0.3,0.08,0.3,0.24,0.16,0.14,0.42,0.28,0.16,0.3,0.06
ScreenType,0.33066666666666666,0.32266666666666666,0.31466666666666665,0.336,0.3253333333333333,0.3546666666666667,0.336,0.336,0.31466666666666665,0.3413333333333333,0.33866666666666667,0.3413333333333333,0.32266666666666666,0.32266666666666666,0.31466666666666665,0.36,0.3413333333333333,0.33866666666666667,0.31466666666666665,0.3413333333333333,0.33066666666666666,0.31466666666666665,0.31466666666666665,0.31466666666666665,0.32266666666666666,0.344,0.32266666666666666,0.36,0.33066666666666666,0.328
SemgHandGenderCh2,0.32166666666666666,0.6783333333333333,0.6783333333333333,0.32166666666666666,0.32166666666666666,0.32166666666666666,0.32166666666666666,0.6783333333333333,0.32166666666666666,0.32166666666666666,0.6783333333333333,0.32166666666666666,0.32166666666666666,0.32166666666666666,0.6783333333333333,0.6783333333333333,0.6783333333333333,0.32166666666666666,0.32166666666666666,0.6783333333333333,0.32166666666666666,0.32166666666666666,0.32166666666666666,0.6783333333333333,0.6783333333333333,0.32166666666666666,0.32166666666666666,0.6783333333333333,0.6783333333333333,0.32166666666666666
SemgHandMovementCh2,0.18666666666666668,0.15777777777777777,0.13555555555555557,0.15777777777777777,0.2,0.10222222222222223,0.2688888888888889,0.15333333333333332,0.18,0.18444444444444444,0.1111111111111111,0.14,0.20222222222222222,0.18222222222222223,0.06444444444444444,0.24222222222222223,0.23777777777777778,0.12,0.17777777777777778,0.08666666666666667,0.09111111111111111,0.13333333333333333,0.14222222222222222,0.2,0.1711111111111111,0.16444444444444445,0.18,0.14666666666666667,0.19777777777777777,0.14444444444444443
SemgHandSubjectCh2,0.36,0.12666666666666668,0.1511111111111111,0.35777777777777775,0.38,0.08888888888888889,0.13333333333333333,0.13333333333333333,0.14222222222222222,0.09777777777777778,0.14444444444444443,0.18,0.09777777777777778,0.18666666666666668,0.12666666666666668,0.23777777777777778,0.2644444444444444,0.21777777777777776,0.18222222222222223,0.18,0.1711111111111111,0.26222222222222225,0.19777777777777777,0.15555555555555556,0.1,0.12222222222222222,0.3333333333333333,0.18444444444444444,0.12444444444444444,0.13555555555555557
ShapeletSim,0.5,0.5,0.5,0.5,0.5,0.5,0.5,0.5,0.5,0.5,0.5,0.5,0.5,0.5,0.5,0.5,0.5,0.5,0.5,0.5,0.5,0.5,0.5,0.5,0.5,0.5,0.5,0.5,0.5,0.5
ShapesAll,0.016666666666666666,0.015,0.025,0.021666666666666667,0.015,0.0016666666666666668,0.021666666666666667,0.02666666666666667,0.0033333333333333335,0.02,0.0,0.011666666666666667,0.023333333333333334,0.018333333333333333,0.016666666666666666,0.016666666666666666,0.006666666666666667,0.021666666666666667,0.025,0.01,0.011666666666666667,0.02666666666666667,0.013333333333333334,0.02,0.016666666666666666,0.023333333333333334,0.02,0.0033333333333333335,0.015,0.006666666666666667
SmallKitchenAppliances,0.28,0.28,0.25066666666666665,0.288,0.34933333333333333,0.472,0.3253333333333333,0.344,0.25066666666666665,0.344,0.248,0.25066666666666665,0.25066666666666665,0.28,0.456,0.248,0.27466666666666667,0.26666666666666666,0.28,0.24266666666666667,0.3253333333333333,0.25333333333333335,0.2826666666666667,0.14666666666666667,0.256,0.288,0.24266666666666667,0.2853333333333333,0.4693333333333333,0.24266666666666667
SmoothSubspace,0.31333333333333335,0.4066666666666667,0.54,0.18666666666666668,0.31333333333333335,0.4266666666666667,0.32666666666666666,0.4,0.5533333333333333,0.56,0.31333333333333335,0.42,0.32666666666666666,0.12,0.17333333333333334,0.32666666666666666,0.4266666666666667,0.12666666666666668,0.4266666666666667,0.17333333333333334,0.56,0.17333333333333334,0.56,0.12666666666666668,0.17333333333333334,0.4266666666666667,0.54,0.17333333333333334,0.4066666666666667,0.4266666666666667
SonyAIBORobotSurface1,0.18635607321131448,0.7038269550748752,0.7038269550748752,0.2129783693843594,0.5074875207986689,0.2129783693843594,0.2961730449251248,0.7870216306156406,0.2961730449251248,0.4925124792013311,0.7870216306156406,0.7870216306156406,0.2129783693843594,0.7870216306156406,0.2961730449251248,0.2961730449251248,0.7870216306156406,0.18635607321131448,0.2961730449251248,0.7038269550748752,0.2129783693843594,0.4925124792013311,0.2129783693843594,0.7870216306156406,0.7038269550748752,0.2961730449251248,0.2129783693843594,0.7870216306156406,0.2961730449251248,0.2129783693843594
SonyAIBORobotSurface2,0.24449108079748164,0.24449108079748164,0.24449108079748164,0.7555089192025184,0.7555089192025184,0.24449108079748164,0.24449108079748164,0.24449108079748164,0.7555089192025184,0.24449108079748164,0.24449108079748164,0.7555089192025184,0.7555089192025184,0.7555089192025184,0.7555089192025184,0.7555089192025184,0.24449108079748164,0.7555089192025184,0.7555089192025184,0.24449108079748164,0.7555089192025184,0.7555089192025184,0.7555089192025184,0.7555089192025184,0.7555089192025184,0.7555089192025184,0.24449108079748164,0.24449108079748164,0.7555089192025184,0.24449108079748164
StarLightCurves,0.47098105876639146,0.11146187469645459,0.0811073336571151,0.0811073336571151,0.8074307916464303,0.47098105876639146,0.0811073336571151,0.06253035454103933,0.11146187469645459,0.8074307916464303,0.06253035454103933,0.11146187469645459,0.8074307916464303,0.4664885866925692,0.11146187469645459,0.11146187469645459,0.11146187469645459,0.11146187469645459,0.0811073336571151,0.06253035454103933,0.06253035454103933,0.0811073336571151,0.4664885866925692,0.4664885866925692,0.06253035454103933,0.4664885866925692,0.0811073336571151,0.4664885866925692,0.11146187469645459,0.0811073336571151
Strawberry,0.5081081081081081,0.5081081081081081,0.5081081081081081,0.5081081081081081,0.4918918918918919,0.5081081081081081,0.5081081081081081,0.4918918918918919,0.4918918918918919,0.5081081081081081,0.4918918918918919,0.4918918918918919,0.5081081081081081,0.4918918918918919,0.5081081081081081,0.5081081081081081,0.5081081081081081,0.5081081081081081,0.4918918918918919,0.4918918918918919,0.4918918918918919,0.4918918918918919,0.4918918918918919,0.4918918918918919,0.5081081081081081,0.5081081081081081,0.4918918918918919,0.5081081081081081,0.4918918918918919,0.5081081081081081
SwedishLeaf,0.0672,0.0656,0.0736,0.0688,0.064,0.0672,0.0512,0.0656,0.0672,0.0608,0.056,0.0624,0.0672,0.0848,0.0832,0.0672,0.0768,0.048,0.0656,0.0544,0.0736,0.0576,0.0704,0.0752,0.0736,0.0528,0.0704,0.0704,0.064,0.08
Symbols,0.3336683417085427,0.011055276381909548,0.16080402010050251,0.15979899497487438,0.15979899497487438,0.17386934673366833,0.1798994974874372,0.342713567839196,0.1577889447236181,0.1577889447236181,0.0010050251256281408,0.17386934673366833,0.0010050251256281408,0.16482412060301507,0.0,0.0,0.0010050251256281408,0.2100502512562814,0.0010050251256281408,0.0,0.5336683417085427,0.22613065326633167,0.0010050251256281408,0.16381909547738693,0.0,0.15979899497487438,0.15979899497487438,0.33869346733668343,0.0020100502512562816,0.3527638190954774
SyntheticControl,0.2966666666666667,0.16666666666666666,0.0033333333333333335,0.07,0.0,0.3933333333333333,0.20666666666666667,0.0,0.16666666666666666,0.19,0.15666666666666668,0.01,0.31,0.06,0.38666666666666666,0.16,0.14,0.4866666666666667,0.47,0.12,0.3233333333333333,0.14333333333333334,0.16333333333333333,0.29333333333333333,0.16333333333333333,0.3933333333333333,0.25,0.08,0.35333333333333333,0.17
ToeSegmentation1,0.5131578947368421,0.5087719298245614,0.5131578947368421,0.4868421052631579,0.4868421052631579,0.4868421052631579,0.5087719298245614,0.49122807017543857,0.4868421052631579,0.4868421052631579,0.49122807017543857,0.5614035087719298,0.4868421052631579,0.49122807017543857,0.49122807017543857,0.4780701754385965,0.5131578947368421,0.4868421052631579,0.4780701754385965,0.5131578947368421,0.5087719298245614,0.4868421052631579,0.4868421052631579,0.5131578947368421,0.5131578947368421,0.43859649122807015,0.49122807017543857,0.5131578947368421,0.5131578947368421,0.5087719298245614
ToeSegmentation2,0.18461538461538463,0.8153846153846154,0.8538461538461538,0.8307692307692308,0.8538461538461538,0.8384615384615385,0.18461538461538463,0.15384615384615385,0.8538461538461538,0.8153846153846154,0.8538461538461538,0.8538461538461538,0.8153846153846154,0.16923076923076924,0.8153846153846154,0.8153846153846154,0.16923076923076924,0.8461538461538461,0.8153846153846154,0.18461538461538463,0.17692307692307693,0.8153846153846154,0.823076923076923,0.16923076923076924,0.8538461538461538,0.8153846153846154,0.18461538461538463,0.16923076923076924,0.14615384615384616,0.8538461538461538
Trace,0.19,0.24,0.28,0.1,0.0,0.28,0.0,0.29,0.24,0.0,0.81,0.0,0.0,0.19,0.28,0.24,0.0,0.19,0.24,0.29,0.28,0.0,0.29,0.72,0.48,0.0,0.29,0.29,0.57,0.0
TwoLeadECG,0.48024582967515367,0.5759438103599649,0.5197541703248464,0.5759438103599649,0.5759438103599649,0.4240561896400351,0.4240561896400351,0.4240561896400351,0.5197541703248464,0.4240561896400351,0.5759438103599649,0.4240561896400351,0.4240561896400351,0.5197541703248464,0.5759438103599649,0.48024582967515367,0.48024582967515367,0.4240561896400351,0.5197541703248464,0.4240561896400351,0.5197541703248464,0.5759438103599649,0.5759438103599649,0.5197541703248464,0.5759438103599649,0.5197541703248464,0.48024582967515367,0.4240561896400351,0.4240561896400351,0.48024582967515367
TwoPatterns,0.2615,0.24875,0.2435,0.25875,0.24075,0.237,0.25275,0.23975,0.23975,0.2585,0.24875,0.25875,0.25875,0.25275,0.24875,0.24875,0.24875,0.25875,0.25275,0.23975,0.24875,0.24875,0.25875,0.25875,0.25275,0.25275,0.23975,0.24875,0.25275,0.237
UMD,0.08333333333333333,0.25,0.25,0.5,0.25,0.25,0.5,0.5833333333333334,0.25,0.08333333333333333,0.08333333333333333,0.25,0.25,0.5,0.25,0.5,0.25,0.25,0.5,0.25,0.25,0.5,0.16666666666666666,0.5,0.25,0.5,0.25,0.5,0.3333333333333333,0.1736111111111111
UWaveGestureLibraryAll,0.027079843662758236,0.13037409268565048,0.08989391401451703,0.11362367392518147,0.1423785594639866,0.07342266890005583,0.1887213847012842,0.1044109436069235,0.13512004466778335,0.19486320491345616,0.057230597431602456,0.20351758793969849,0.07565605806811837,0.08514796203238414,0.1836962590731435,0.1605248464544947,0.08235622557230597,0.16108319374651034,0.22892238972640983,0.1884422110552764,0.050530429927414855,0.18118369625907316,0.2283640424343942,0.04773869346733668,0.09966499162479062,0.19514237855946398,0.0876605248464545,0.11725293132328309,0.14461194863204913,0.1800670016750419
UWaveGestureLibraryX,0.0678391959798995,0.12339475153545505,0.09826912339475154,0.12758235622557232,0.10217755443886097,0.11892797319932999,0.175321049692909,0.096035734226689,0.1259073143495254,0.10636515912897822,0.1407035175879397,0.08821887213847013,0.07370184254606366,0.1259073143495254,0.2741485203796762,0.15326633165829145,0.044946957007258516,0.13512004466778335,0.0661641541038526,0.2037967615857063,0.11139028475711893,0.07146845337800112,0.05583472920156337,0.09826912339475154,0.12339475153545505,0.04383026242322725,0.03992183137911781,0.1242322724734785,0.14182021217197097,0.19430485762144054
UWaveGestureLibraryY,0.17783361250697935,0.0248464544946957,0.19932998324958123,0.11362367392518147,0.16638749302065886,0.1420993858179788,0.12618648799553323,0.06672250139586823,0.27191513121161365,0.03880513679508654,0.05025125628140704,0.3269123394751535,0.22138470128419876,0.1934673366834171,0.3126744835287549,0.15661641541038526,0.12395309882747069,0.06393076493579006,0.0745393634840871,0.25600223338916805,0.1423785594639866,0.0661641541038526,0.07035175879396985,0.05555555555555555,0.18034617532104968,0.09352317141261865,0.057230597431602456,0.08598548297040759,0.026242322724734785,0.3525963149078727
UWaveGestureLibraryZ,0.0332216638749302,0.08738135120044668,0.06923506420993858,0.056393076493579004,0.19932998324958123,0.17280848687883862,0.07202680067001675,0.05806811836962591,0.09017308766052484,0.13260748185371302,0.09184812953657175,0.09408151870463428,0.07370184254606366,0.0413176996091569,0.09184812953657175,0.15159128978224456,0.1242322724734785,0.152428810720268,0.13037409268565048,0.18509212730318259,0.025404801786711336,0.03908431044109436,0.03936348408710218,0.27359017308766054,0.0829145728643216,0.07537688442211055,0.12060301507537688,0.1242322724734785,0.1175321049692909,0.11474036850921274
Wafer,0.373134328358209,0.373134328358209,0.6268656716417911,0.6268656716417911,0.6268656716417911,0.6268656716417911,0.373134328358209,0.6268656716417911,0.6268656716417911,0.373134328358209,0.6268656716417911,0.373134328358209,0.6268656716417911,0.6268656716417911,0.6268656716417911,0.373134328358209,0.373134328358209,0.6268656716417911,0.373134328358209,0.6268656716417911,0.373134328358209,0.6268656716417911,0.373134328358209,0.6268656716417911,0.6268656716417911,0.6268656716417911,0.6268656716417911,0.373134328358209,0.373134328358209,0.373134328358209
Wine,0.5185185185185185,0.5185185185185185,0.48148148148148145,0.5185185185185185,0.48148148148148145,0.48148148148148145,0.48148148148148145,0.5185185185185185,0.5185185185185185,0.5185185185185185,0.5185185185185185,0.5185185185185185,0.5185185185185185,0.5185185185185185,0.5185185185185185,0.5185185185185185,0.48148148148148145,0.48148148148148145,0.5185185185185185,0.48148148148148145,0.5185185185185185,0.48148148148148145,0.48148148148148145,0.48148148148148145,0.48148148148148145,0.5185185185185185,0.5185185185185185,0.5185185185185185,0.48148148148148145,0.48148148148148145
Worms,0.22077922077922077,0.1038961038961039,0.37662337662337664,0.2987012987012987,0.14285714285714285,0.3116883116883117,0.15584415584415584,0.18181818181818182,0.1038961038961039,0.12987012987012986,0.1038961038961039,0.14285714285714285,0.14285714285714285,0.11688311688311688,0.3246753246753247,0.2987012987012987,0.07792207792207792,0.12987012987012986,0.05194805194805195,0.11688311688311688,0.18181818181818182,0.2597402597402597,0.14285714285714285,0.15584415584415584,0.11688311688311688,0.09090909090909091,0.07792207792207792,0.2857142857142857,0.11688311688311688,0.37662337662337664
WormsTwoClass,0.5714285714285714,0.42857142857142855,0.5194805194805194,0.5714285714285714,0.5714285714285714,0.5714285714285714,0.42857142857142855,0.4805194805194805,0.5714285714285714,0.5714285714285714,0.5714285714285714,0.42857142857142855,0.5714285714285714,0.5714285714285714,0.42857142857142855,0.42857142857142855,0.5714285714285714,0.5714285714285714,0.5324675324675324,0.5714285714285714,0.5714285714285714,0.42857142857142855,0.4805194805194805,0.5714285714285714,0.42857142857142855,0.42857142857142855,0.5714285714285714,0.42857142857142855,0.5714285714285714,0.5714285714285714
Yoga,0.536,0.536,0.536,0.464,0.464,0.536,0.464,0.464,0.464,0.536,0.536,0.464,0.464,0.536,0.536,0.464,0.464,0.464,0.536,0.464,0.464,0.536,0.536,0.464,0.464,0.464,0.464,0.536,0.536,0.536
